time_s,requested_distance,x,y,tangent_x,tangent_y,normal_x,normal_y
0.000000,0.000000,0.000000,0.000000,0.000000,1.000000,-1.000000,0.000000
0.016667,1.585784,0.015892,1.587518,0.020108,0.999798,-0.999798,0.020108
0.033333,3.171568,0.064092,3.173593,0.040729,0.999170,-0.999170,0.040729
0.050000,4.757352,0.145390,4.757713,0.061861,0.998085,-0.998085,0.061861
0.066667,6.343136,0.260578,6.339295,0.083499,0.996508,-0.996508,0.083499
0.083333,7.928920,0.410448,7.917669,0.105633,0.994405,-0.994405,0.105633
0.100000,9.514705,0.595778,9.492096,0.128253,0.991742,-0.991742,0.128253
0.116667,11.100489,0.817330,11.061752,0.151340,0.988482,-0.988482,0.151340
0.133333,12.686273,1.075838,12.625742,0.174875,0.984591,-0.984591,0.174875
0.150000,14.272057,1.372002,14.183092,0.198831,0.980034,-0.980034,0.198831
0.166667,15.857841,1.706477,15.732750,0.223180,0.974777,-0.974777,0.223180
0.183333,17.443624,2.079903,17.273743,0.247887,0.968789,-0.968789,0.247887
0.200000,19.029409,2.492871,18.805025,0.272916,0.962038,-0.962038,0.272916
0.216667,20.615192,2.945721,20.324863,0.298215,0.954499,-0.954499,0.298215
0.233333,22.200977,3.438848,21.832024,0.323735,0.946148,-0.946148,0.323735
0.250000,23.786760,3.972558,23.325207,0.349422,0.936965,-0.936965,0.349422
0.266667,25.372545,4.547079,24.803102,0.375222,0.926935,-0.926935,0.375222
0.283333,26.958328,5.162591,26.264492,0.401077,0.916045,-0.916045,0.401077
0.300000,28.544113,5.819226,27.708178,0.426927,0.904286,-0.904286,0.426927
0.316667,30.129896,6.516805,29.132511,0.452703,0.891662,-0.891662,0.452703
0.333333,31.715681,7.255157,30.536131,0.478339,0.878175,-0.878175,0.478339
0.350000,33.301464,8.033994,31.917648,0.503770,0.863838,-0.863838,0.503770
0.366667,34.887249,8.852930,33.275719,0.528929,0.848666,-0.848666,0.528929
0.383333,36.473030,9.711473,34.609024,0.553751,0.832682,-0.832682,0.553751
0.400000,38.058819,10.609042,35.916309,0.578175,0.815913,-0.815913,0.578175
0.416667,39.644600,11.544950,37.196350,0.602141,0.798389,-0.798389,0.602141
0.433333,41.230385,12.518425,38.447971,0.625594,0.780149,-0.780149,0.625594
0.450000,42.816166,13.528614,39.670097,0.648481,0.761231,-0.761231,0.648481
0.466667,44.401955,14.574596,40.861694,0.670757,0.741677,-0.741677,0.670757
0.483333,45.987736,15.655364,42.021782,0.692379,0.721534,-0.721534,0.692379
0.500000,47.573521,16.770103,43.149723,0.713315,0.700844,-0.700844,0.713315
0.516667,49.159302,17.917513,44.244492,0.733530,0.679657,-0.679657,0.733530
0.533333,50.745090,19.096342,45.305252,0.752998,0.658023,-0.658023,0.752998
0.550000,52.330875,20.305384,46.331322,0.771698,0.635989,-0.635989,0.771698
0.566667,53.916656,21.543432,47.322159,0.789614,0.613603,-0.613603,0.789614
0.583333,55.502438,22.809248,48.277222,0.806739,0.590908,-0.590908,0.806739
0.600000,57.088226,24.101576,49.196075,0.823065,0.567948,-0.567948,0.823065
0.616667,58.674011,25.419170,50.078350,0.838591,0.544762,-0.544762,0.838591
0.633333,60.259792,26.760818,50.923733,0.853321,0.521387,-0.521387,0.853321
0.650000,61.845573,28.125189,51.731922,0.867258,0.497859,-0.497859,0.867258
0.666667,63.431362,29.511036,52.502697,0.880412,0.474210,-0.474210,0.880412
0.683333,65.017143,30.917109,53.235886,0.892792,0.450469,-0.450469,0.892792
0.700000,66.602928,32.342209,53.931374,0.904411,0.426662,-0.426662,0.904411
0.716667,68.188713,33.785156,54.589073,0.915284,0.402810,-0.402810,0.915284
0.733333,69.774498,35.244774,55.208927,0.925424,0.378933,-0.378933,0.925424
0.750000,71.360283,36.719894,55.790909,0.934848,0.355047,-0.355047,0.934848
0.766667,72.946060,38.209373,56.335003,0.943572,0.331168,-0.331168,0.943572
0.783333,74.531853,39.712151,56.841248,0.951611,0.307304,-0.307304,0.951611
0.800000,76.117638,41.227150,57.309662,0.958982,0.283466,-0.283466,0.958982
0.816667,77.703415,42.753330,57.740303,0.965700,0.259659,-0.259659,0.965700
0.833333,79.289200,44.289677,58.133224,0.971780,0.235887,-0.235887,0.971780
0.850000,80.874985,45.835163,58.488480,0.977236,0.212154,-0.212154,0.977236
0.866667,82.460770,47.388836,58.806129,0.982081,0.188459,-0.188459,0.982081
0.883333,84.046555,48.949669,59.086227,0.986326,0.164804,-0.164804,0.986326
0.900000,85.632332,50.516747,59.328846,0.989983,0.141185,-0.141185,0.989983
0.916667,87.218124,52.089195,59.534027,0.993061,0.117599,-0.117599,0.993061
0.933333,88.803909,53.666065,59.701832,0.995568,0.094042,-0.094042,0.995568
0.950000,90.389687,55.246483,59.832314,0.997511,0.070510,-0.070510,0.997511
0.966667,91.975471,56.829529,59.925480,0.998895,0.046996,-0.046996,0.998895
0.983333,93.561256,58.414322,59.981369,0.999724,0.023495,-0.023495,0.999724
1.000000,95.147041,60.000000,60.000000,1.000000,0.000000,-0.000000,1.000000
1.016667,96.732826,61.585678,59.981377,0.999724,-0.023495,0.023495,0.999724
1.033333,98.318604,63.170475,59.925480,0.998895,-0.046996,0.046996,0.998895
1.050000,99.904388,64.753510,59.832310,0.997511,-0.070510,0.070510,0.997511
1.066667,101.490181,66.333946,59.701836,0.995568,-0.094043,0.094043,0.995568
1.083333,103.075966,67.910820,59.534031,0.993061,-0.117599,0.117599,0.993061
1.100000,104.661751,69.483253,59.328838,0.989983,-0.141185,0.141185,0.989983
1.116667,106.247528,71.050346,59.086227,0.986326,-0.164804,0.164804,0.986326
1.133333,107.833313,72.611176,58.806129,0.982081,-0.188459,0.188459,0.982081
1.150000,109.419098,74.164841,58.488480,0.977236,-0.212154,0.212154,0.977236
1.166667,111.004875,75.710327,58.133224,0.971780,-0.235887,0.235887,0.971780
1.183333,112.590660,77.246666,57.740307,0.965700,-0.259659,0.259659,0.965700
1.200000,114.176453,78.772850,57.309662,0.958982,-0.283466,0.283466,0.958982
1.216667,115.762238,80.287857,56.841240,0.951611,-0.307304,0.307304,0.951611
1.233333,117.348022,81.790634,56.335003,0.943572,-0.331168,0.331168,0.943572
1.250000,118.933800,83.280106,55.790909,0.934848,-0.355047,0.355047,0.934848
1.266667,120.519585,84.755226,55.208927,0.925424,-0.378933,0.378933,0.925424
1.283333,122.105370,86.214851,54.589069,0.915284,-0.402810,0.402810,0.915284
1.300000,123.691147,87.657791,53.931374,0.904411,-0.426662,0.426662,0.904411
1.316667,125.276939,89.082901,53.235882,0.892792,-0.450470,0.450470,0.892792
1.333333,126.862724,90.488968,52.502701,0.880412,-0.474210,0.474210,0.880412
1.350000,128.448502,91.874802,51.731926,0.867258,-0.497859,0.497859,0.867258
1.366667,130.034286,93.239182,50.923737,0.853321,-0.521387,0.521387,0.853321
1.383333,131.620071,94.580833,50.078350,0.838591,-0.544762,0.544762,0.838591
1.400000,133.205856,95.898422,49.196075,0.823065,-0.567948,0.567948,0.823065
1.416667,134.791641,97.190750,48.277222,0.806739,-0.590908,0.590908,0.806739
1.433333,136.377426,98.456558,47.322159,0.789615,-0.613603,0.613603,0.789615
1.450000,137.963211,99.694618,46.331322,0.771698,-0.635990,0.635990,0.771698
1.466667,139.548996,100.903656,45.305237,0.752998,-0.658023,0.658023,0.752998
1.483333,141.134781,102.082489,44.244492,0.733530,-0.679657,0.679657,0.733530
1.500000,142.720566,103.229904,43.149715,0.713315,-0.700844,0.700844,0.713315
1.516667,144.306351,104.344643,42.021774,0.692379,-0.721534,0.721534,0.692379
1.533333,145.892120,105.425400,40.861698,0.670757,-0.741677,0.741677,0.670757
1.550000,147.477905,106.471382,39.670105,0.648481,-0.761230,0.761230,0.648481
1.566667,149.063705,107.481583,38.447968,0.625594,-0.780149,0.780149,0.625594
1.583333,150.649490,108.455055,37.196331,0.602141,-0.798390,0.798390,0.602141
1.600000,152.235275,109.390968,35.916298,0.578175,-0.815913,0.815913,0.578175
1.616667,153.821045,110.288521,34.609035,0.553751,-0.832682,0.832682,0.553751
1.633333,155.406830,111.147072,33.275723,0.528929,-0.848666,0.848666,0.528929
1.650000,156.992615,111.966011,31.917641,0.503770,-0.863838,0.863838,0.503770
1.666667,158.578400,112.744843,30.536125,0.478339,-0.878175,0.878175,0.478339
1.683333,160.164185,113.483200,29.132511,0.452703,-0.891662,0.891662,0.452703
1.700000,161.749969,114.180771,27.708170,0.426926,-0.904286,0.904286,0.426926
1.716667,163.335754,114.837402,26.264494,0.401077,-0.916044,0.916044,0.401077
1.733333,164.921539,115.452927,24.803108,0.375222,-0.926935,0.926935,0.375222
1.750000,166.507324,116.027435,23.325211,0.349422,-0.936965,0.936965,0.349422
1.766667,168.093109,116.561157,21.832014,0.323734,-0.946148,0.946148,0.323734
1.783333,169.678894,117.054276,20.324860,0.298215,-0.954499,0.954499,0.298215
1.800000,171.264664,117.507133,18.805019,0.272916,-0.962038,0.962038,0.272916
1.816667,172.850464,117.920097,17.273737,0.247887,-0.968789,0.968789,0.247887
1.833333,174.436249,118.293526,15.732735,0.223179,-0.974777,0.974777,0.223179
1.850000,176.022034,118.628006,14.183085,0.198831,-0.980034,0.980034,0.198831
1.866667,177.607819,118.924164,12.625731,0.174875,-0.984591,0.984591,0.174875
1.883333,179.193588,119.182671,11.061754,0.151340,-0.988482,0.988482,0.151340
1.900000,180.779373,119.404213,9.492095,0.128253,-0.991742,0.991742,0.128253
1.916667,182.365158,119.589546,7.917667,0.105633,-0.994405,0.994405,0.105633
1.933333,183.950943,119.739426,6.339301,0.083499,-0.996508,0.996508,0.083499
1.950000,185.536728,119.854614,4.757706,0.061861,-0.998085,0.998085,0.061861
1.966667,187.122513,119.935905,3.173578,0.040729,-0.999170,0.999170,0.040729
1.983333,188.708298,119.984108,1.587511,0.020108,-0.999798,0.999798,0.020108
2.000000,190.294083,120.000000,0.000000,0.000000,-1.000000,1.000000,0.000000
